content_id,group,counter
81576,r/EarthPorn,268
112990,r/EarthPorn,215
83115,person,204
124197,r/EarthPorn,197
82523,r/SimplePrompts,195
115079,r/Showerthoughts,195
115042,r/Showerthoughts,192
119163,r/pics,192
129220,person,189
124089,r/EarthPorn,186
113087,r/EarthPorn,185
116285,r/pics,185
112723,r/EarthPorn,182
111201,r/Damnthatsinteresting,165
124704,person,156
112718,r/EarthPorn,154
123413,r/Showerthoughts,154
117157,r/scifi,144
91035,human_prompts,144
127128,person,143
116519,r/pics,141
130301,person,140
62821,movie,137
118824,r/educationalgifs,136
117229,r/scifi,132
90821,human_prompts,131
85592,human_prompts,127
95154,human_prompts,127
124279,r/EarthPorn,125
114325,r/scifi,125
107911,human_prompts,125
30014,movie,123
105846,human_prompts,122
114066,r/Damnthatsinteresting,121
29071,movie,117
89723,human_prompts,116
84464,human_prompts,110
30048,movie,110
93819,human_prompts,107
92719,human_prompts,105
29451,movie,105
91286,human_prompts,104
106030,human_prompts,103
91755,human_prompts,102
86087,human_prompts,99
95211,human_prompts,99
101773,human_prompts,99
129087,person,98
110260,human_prompts,97
118564,r/EarthPorn,97
31978,movie,96
79847,r/EarthPorn,96
86827,human_prompts,93
82520,r/EarthPorn,93
98660,human_prompts,92
118720,r/EarthPorn,91
120496,r/Showerthoughts,88
124241,r/EarthPorn,88
129233,person,87
121219,r/EarthPorn,87
118651,r/EarthPorn,87
33514,movie,86
102201,human_prompts,86
92955,human_prompts,86
108363,human_prompts,86
94480,human_prompts,86
90800,human_prompts,86
124205,r/EarthPorn,86
86695,human_prompts,85
124374,r/EarthPorn,84
95420,human_prompts,83
30884,movie,83
115828,r/EarthPorn,80
32858,movie,80
97499,human_prompts,79
83062,movie,78
114348,r/scifi,78
33290,movie,78
96406,human_prompts,77
33369,person,76
99063,human_prompts,76
55533,movie,76
103963,human_prompts,74
86593,human_prompts,74
87998,human_prompts,74
85954,human_prompts,73
100068,human_prompts,73
108116,human_prompts,73
104823,human_prompts,72
86154,human_prompts,70
91243,human_prompts,70
108942,human_prompts,68
89404,human_prompts,68
111383,r/scifi,67
28737,movie,67
94627,human_prompts,67
101956,human_prompts,67
129393,person,66
118983,r/RetroFuturism,66
67362,movie,65
117911,r/Showerthoughts,65
30844,movie,65
90511,human_prompts,64
124145,r/EarthPorn,64
55877,movie,64
110174,human_prompts,64
96136,human_prompts,63
129285,person,63
121287,r/EarthPorn,63
92391,human_prompts,63
130999,person,63
93251,human_prompts,63
132295,poetry,63
56540,movie,62
73723,movie,62
40935,movie,62
88211,human_prompts,62
99581,human_prompts,62
107160,human_prompts,61
114862,r/Showerthoughts,61
106998,human_prompts,61
118995,r/Cyberpunk,60
100350,human_prompts,60
126904,person,60
135352,poetry,60
106588,human_prompts,60
80881,r/EarthPorn,59
111105,r/Damnthatsinteresting,59
121412,r/EarthPorn,59
112433,r/Showerthoughts,59
130678,movie,59
95054,human_prompts,59
130059,person,59
84970,human_prompts,58
95448,human_prompts,58
54622,movie,58
85672,human_prompts,58
112421,r/Showerthoughts,57
110390,human_prompts,56
121194,r/EarthPorn,56
112318,r/Showerthoughts,56
112528,r/Showerthoughts,56
121483,r/EarthPorn,56
124002,r/EarthPorn,56
44477,movie,56
126470,person,56
92014,human_prompts,55
124298,r/EarthPorn,55
124118,r/EarthPorn,55
115533,r/EarthPorn,55
115710,r/EarthPorn,55
118704,r/EarthPorn,54
130408,person,54
91256,human_prompts,54
87201,human_prompts,54
95516,human_prompts,53
101576,human_prompts,53
92901,human_prompts,53
93373,human_prompts,53
89307,human_prompts,52
134289,poetry,52
30623,movie,52
117890,r/Showerthoughts,52
90424,human_prompts,52
107703,human_prompts,52
83359,movie,52
85460,human_prompts,52
115712,r/EarthPorn,52
88148,human_prompts,51
107743,human_prompts,51
136213,poetry,51
39655,movie,51
88770,human_prompts,51
86907,human_prompts,51
88915,human_prompts,51
42425,movie,50
81538,r/Showerthoughts,50
133412,poetry,50
99679,human_prompts,50
118985,r/RetroFuturism,50
122676,r/scifi,50
91949,human_prompts,50
133923,poetry,50
103217,human_prompts,50
92622,human_prompts,50
92527,human_prompts,49
67419,movie,49
37399,movie,49
113052,r/EarthPorn,49
87060,human_prompts,49
118721,r/EarthPorn,49
127394,person,48
124263,r/EarthPorn,48
88852,human_prompts,48
92120,human_prompts,48
118242,r/Showerthoughts,48
86521,human_prompts,48
112767,r/EarthPorn,48
33795,movie,48
35227,movie,47
86857,human_prompts,47
121380,r/EarthPorn,47
75357,movie,47
52192,movie,47
93740,human_prompts,47
92699,human_prompts,47
94878,human_prompts,47
96933,human_prompts,47
71611,movie,46
109052,human_prompts,46
110269,human_prompts,46
114429,r/scifi,46
109541,human_prompts,46
123804,r/Showerthoughts,46
52470,movie,46
124729,person,46
121558,r/EarthPorn,46
85601,human_prompts,45
90493,human_prompts,45
55919,movie,45
92595,human_prompts,45
118274,r/whoahdude,45
98711,human_prompts,45
112816,r/EarthPorn,45
117136,r/scifi,45
55910,movie,45
83034,movie,45
132069,poetry,45
89796,human_prompts,44
112937,r/EarthPorn,44
31996,movie,44
112927,r/EarthPorn,44
106291,human_prompts,44
108744,human_prompts,44
82693,r/oddlysatisfying,44
32357,movie,44
32049,movie,44
28801,movie,44
83918,person,44
91158,human_prompts,43
127224,person,43
124659,r/Cyberpunk,43
112999,r/EarthPorn,43
60218,movie,43
114273,r/scifi,43
128373,person,43
47289,movie,43
105115,human_prompts,43
34080,movie,43
34910,movie,43
120663,r/Showerthoughts,43
106462,human_prompts,42
90463,human_prompts,42
84773,human_prompts,42
98142,human_prompts,42
107648,human_prompts,42
123174,r/Showerthoughts,42
125996,person,42
89717,human_prompts,42
113078,r/EarthPorn,42
31148,movie,42
65160,movie,42
131193,person,42
134633,poetry,42
75421,movie,41
109063,human_prompts,41
107683,human_prompts,41
127629,person,41
96420,human_prompts,41
118524,r/EarthPorn,41
63010,movie,41
114714,r/Showerthoughts,41
107709,human_prompts,40
111453,r/scifi,40
98908,human_prompts,40
34316,movie,40
90820,human_prompts,40
41969,movie,40
123200,r/Showerthoughts,40
92468,human_prompts,40
115741,r/EarthPorn,40
123170,r/Showerthoughts,39
121316,r/EarthPorn,39
102234,human_prompts,39
94845,human_prompts,39
106041,human_prompts,39
108726,human_prompts,39
115548,r/EarthPorn,39
93369,human_prompts,39
98890,human_prompts,39
122578,r/AccidentalArt,39
31278,movie,39
101320,human_prompts,39
133617,poetry,38
83754,r/MadeMeSmile,38
92816,human_prompts,38
54810,movie,38
124218,r/EarthPorn,38
94778,human_prompts,38
35351,movie,38
51260,movie,38
91319,human_prompts,38
109048,human_prompts,38
56523,movie,38
121406,r/EarthPorn,37
36689,movie,37
115651,r/EarthPorn,37
118036,r/Showerthoughts,37
108464,human_prompts,37
129713,person,37
106637,human_prompts,37
112935,r/EarthPorn,37
85682,human_prompts,37
100506,human_prompts,37
54409,movie,37
115905,r/EarthPorn,37
67100,movie,37
29388,movie,37
112758,r/EarthPorn,37
95660,human_prompts,37
82668,r/Showerthoughts,37
115304,r/Showerthoughts,37
106258,human_prompts,37
85257,human_prompts,36
110291,human_prompts,36
115497,r/oddlysatisfying,36
94674,human_prompts,36
97896,human_prompts,36
85119,human_prompts,36
88683,human_prompts,36
77921,movie,36
52508,movie,36
87040,human_prompts,36
104001,human_prompts,36
116257,r/pics,36
92549,human_prompts,36
90454,human_prompts,36
94318,human_prompts,35
70943,movie,35
52022,movie,35
124131,r/EarthPorn,35
115017,r/Showerthoughts,35
119663,r/Damnthatsinteresting,35
52851,movie,35
128734,person,35
83535,r/pics,35
125726,person,35
115793,r/EarthPorn,35
89381,human_prompts,35
87504,human_prompts,35
103078,human_prompts,35
105124,human_prompts,35
57091,movie,35
94548,human_prompts,35
91905,human_prompts,35
88895,human_prompts,35
93035,human_prompts,34
53999,person,34
132387,poetry,34
97819,human_prompts,34
81612,r/Showerthoughts,34
108295,human_prompts,34
33635,movie,34
135547,poetry,34
98076,human_prompts,34
97957,human_prompts,34
81119,person,34
93775,human_prompts,34
87039,human_prompts,34
121553,r/EarthPorn,34
113033,r/EarthPorn,34
115947,r/educationalgifs,34
94497,human_prompts,34
83556,r/Showerthoughts,34
40624,movie,34
120436,r/Showerthoughts,33
90517,human_prompts,33
89492,human_prompts,33
118731,r/EarthPorn,33
50004,movie,33
77467,movie,33
94009,human_prompts,33
80885,r/scifi,33
84710,human_prompts,33
103061,human_prompts,33
101297,human_prompts,33
88306,human_prompts,33
57322,movie,33
97122,human_prompts,33
89139,human_prompts,33
31920,movie,32
115111,r/Showerthoughts,32
126504,person,32
121410,r/EarthPorn,32
125873,person,32
88144,human_prompts,32
115665,r/EarthPorn,32
30894,movie,32
133609,poetry,32
96816,human_prompts,32
77768,movie,32
39034,movie,32
89652,human_prompts,32
93951,human_prompts,32
118434,r/EarthPorn,32
124371,r/EarthPorn,32
52219,movie,32
80637,movie,32
87246,human_prompts,32
85849,human_prompts,32
112749,r/EarthPorn,31
105052,human_prompts,31
122792,r/scifi,31
89079,human_prompts,31
106252,human_prompts,31
93012,human_prompts,31
90195,human_prompts,31
58605,movie,31
100972,human_prompts,31
82909,movie,31
108131,human_prompts,31
108828,human_prompts,31
93579,human_prompts,31
61800,movie,31
127060,person,31
93701,human_prompts,31
106635,human_prompts,30
92515,human_prompts,30
96318,human_prompts,30
92490,human_prompts,30
90536,human_prompts,30
57907,movie,30
40327,movie,30
95451,human_prompts,30
40130,movie,30
33433,movie,30
102731,human_prompts,30
102486,human_prompts,30
125798,person,30
124317,r/EarthPorn,30
89455,human_prompts,30
112875,r/EarthPorn,30
99642,human_prompts,30
82565,r/pics,30
112915,r/EarthPorn,30
98152,human_prompts,30
61733,movie,30
112814,r/EarthPorn,30
127396,person,30
38134,movie,30
41096,movie,30
59455,movie,29
127850,person,29
64546,movie,29
88313,human_prompts,29
85356,human_prompts,29
110184,human_prompts,29
79679,r/EarthPorn,29
83671,r/pics,29
81215,movie,29
103162,human_prompts,29
86590,human_prompts,29
85258,human_prompts,29
97797,human_prompts,29
98861,human_prompts,29
105922,human_prompts,29
88869,human_prompts,29
92344,human_prompts,29
53617,movie,29
135072,poetry,29
132165,poetry,29
82690,r/EarthPorn,29
94866,human_prompts,29
92839,human_prompts,29
117573,r/Showerthoughts,29
104930,human_prompts,29
99522,human_prompts,28
91545,human_prompts,28
124173,r/EarthPorn,28
105632,human_prompts,28
98572,human_prompts,28
62727,movie,28
106448,human_prompts,28
33346,movie,28
102401,human_prompts,28
113374,r/Cyberpunk,28
115246,r/Showerthoughts,28
121072,r/Showerthoughts,28
33185,movie,28
89798,human_prompts,28
85185,human_prompts,28
118301,r/whoahdude,28
63415,movie,28
63073,movie,28
113023,r/EarthPorn,28
100445,human_prompts,28
126616,movie,28
87524,human_prompts,28
103956,human_prompts,28
109991,human_prompts,28
94082,human_prompts,28
91855,human_prompts,27
99481,human_prompts,27
89599,human_prompts,27
105467,human_prompts,27
133097,poetry,27
130036,person,27
86008,human_prompts,27
77017,movie,27
128470,person,27
89639,human_prompts,27
101805,human_prompts,27
85891,human_prompts,27
39727,movie,27
77937,movie,27
130099,person,27
126905,person,27
100758,human_prompts,27
86483,human_prompts,27
115813,r/EarthPorn,27
132627,poetry,27
90606,human_prompts,27
85372,human_prompts,27
92701,human_prompts,27
36785,movie,27
129258,movie,27
43760,movie,27
75938,movie,27
85227,human_prompts,27
78442,movie,27
120657,r/Showerthoughts,27
72261,movie,27
115069,r/Showerthoughts,26
56015,movie,26
32724,movie,26
91344,human_prompts,26
84836,human_prompts,26
34206,movie,26
90806,human_prompts,26
92546,human_prompts,26
92057,human_prompts,26
83506,r/EarthPorn,26
88446,human_prompts,26
29954,movie,26
43666,movie,26
88453,human_prompts,26
86204,human_prompts,26
96294,human_prompts,26
58363,movie,26
33769,movie,26
115867,r/EarthPorn,26
112320,r/Showerthoughts,26
92286,human_prompts,26
60901,movie,26
131132,person,26
96162,human_prompts,26
108041,human_prompts,26
104991,human_prompts,26
80975,person,26
80658,r/EarthPorn,26
78515,movie,26
100607,human_prompts,26
124094,r/EarthPorn,26
52319,movie,26
29319,movie,26
102250,human_prompts,26
55132,movie,26
77227,movie,26
101713,human_prompts,26
75123,movie,26
102453,human_prompts,26
121432,r/EarthPorn,26
110522,human_prompts,26
35721,movie,26
82470,movie,25
85261,human_prompts,25
71913,movie,25
118701,r/EarthPorn,25
134953,poetry,25
131856,poetry,25
43590,movie,25
50524,movie,25
102921,human_prompts,25
132718,poetry,25
125842,person,25
46841,movie,25
31273,movie,25
94262,human_prompts,25
118375,r/EarthPorn,25
73322,movie,25
91742,human_prompts,25
91615,human_prompts,25
81132,person,25
32412,movie,25
36118,movie,25
58488,movie,25
91264,human_prompts,25
103182,human_prompts,25
131884,poetry,25
129802,Buddha,25
95465,human_prompts,25
87959,human_prompts,25
86097,human_prompts,25
29452,movie,25
33074,movie,25
93004,human_prompts,25
129262,person,25
95391,human_prompts,25
129264,person,25
96867,human_prompts,25
96873,human_prompts,25
92460,human_prompts,25
94982,human_prompts,25
93713,human_prompts,25
92664,human_prompts,25
103473,human_prompts,25
47864,movie,25
39495,movie,25
44156,movie,25
74029,movie,25
49024,movie,25
95462,human_prompts,25
29240,movie,24
121532,r/EarthPorn,24
91597,human_prompts,24
109462,human_prompts,24
103736,human_prompts,24
33900,movie,24
113043,r/EarthPorn,24
123339,r/Showerthoughts,24
100467,human_prompts,24
119923,r/scifi,24
54795,movie,24
85917,human_prompts,24
83664,r/EarthPorn,24
86612,human_prompts,24
100279,human_prompts,24
32627,movie,24
51522,movie,24
127667,movie,24
118989,r/RetroFuturism,24
125441,person,24
129433,person,24
83703,r/EarthPorn,24
33907,movie,24
86931,human_prompts,24
124822,person,24
99272,human_prompts,24
90794,human_prompts,24
102111,human_prompts,24
95577,human_prompts,24
80950,person,24
90629,human_prompts,24
75855,movie,24
70044,movie,24
107162,human_prompts,24
112849,r/EarthPorn,24
130296,movie,24
98429,human_prompts,24
110157,human_prompts,24
89435,human_prompts,24
77672,movie,24
83333,movie,24
39659,movie,24
85032,human_prompts,24
98942,human_prompts,24
128391,movie,24
103074,human_prompts,24
36069,movie,24
131180,person,24
94410,human_prompts,24
89049,human_prompts,24
95384,human_prompts,24
102114,human_prompts,23
131035,movie,23
33072,movie,23
59171,movie,23
122961,r/scifi,23
55529,movie,23
129090,movie,23
39928,movie,23
88459,human_prompts,23
101725,human_prompts,23
120013,r/scifi,23
96305,human_prompts,23
85049,human_prompts,23
69215,movie,23
79705,r/EarthPorn,23
35796,movie,23
132293,poetry,23
84834,human_prompts,23
132814,poetry,23
104808,human_prompts,23
86869,human_prompts,23
50854,movie,23
98037,human_prompts,23
77737,person,23
87269,human_prompts,23
104604,human_prompts,23
77388,movie,23
97495,human_prompts,23
86622,human_prompts,23
30326,movie,23
29265,movie,23
129764,person,23
104804,human_prompts,23
86905,human_prompts,23
56339,movie,23
85168,human_prompts,23
86922,human_prompts,23
115968,r/educationalgifs,23
91588,human_prompts,23
132213,poetry,22
40119,movie,22
133033,poetry,22
95230,human_prompts,22
79846,r/Showerthoughts,22
94488,human_prompts,22
96316,human_prompts,22
94383,human_prompts,22
102502,human_prompts,22
71344,movie,22
103663,human_prompts,22
110933,r/MadeMeSmile,22
30406,movie,22
96188,human_prompts,22
124045,r/EarthPorn,22
85949,human_prompts,22
131903,poetry,22
118442,r/EarthPorn,22
74140,movie,22
123636,r/Showerthoughts,22
78429,movie,22
57073,movie,22
115880,r/EarthPorn,22
48943,movie,22
97739,human_prompts,22
91515,human_prompts,22
111551,r/scifi,22
126765,movie,22
97866,human_prompts,22
65681,movie,22
121220,r/EarthPorn,22
118660,r/EarthPorn,22
100006,human_prompts,22
77639,movie,22
108933,human_prompts,22
108938,human_prompts,22
82343,movie,22
106681,human_prompts,22
98344,human_prompts,22
43619,movie,22
43564,movie,22
36899,movie,22
92197,human_prompts,22
99350,human_prompts,22
51321,movie,22
96460,human_prompts,22
127909,person,22
92958,human_prompts,22
121239,r/EarthPorn,22
81623,r/EarthPorn,22
98895,human_prompts,22
100692,human_prompts,22
61133,movie,22
75096,movie,22
30917,movie,22
73828,movie,22
74592,movie,22
83840,person,22
98852,human_prompts,22
122530,r/Damnthatsinteresting,22
48147,movie,21
107792,human_prompts,21
64872,movie,21
94978,human_prompts,21
48643,movie,21
115749,r/EarthPorn,21
114857,r/Showerthoughts,21
124296,r/EarthPorn,21
48000,movie,21
131194,person,21
124669,r/Cyberpunk,21
36715,movie,21
95201,human_prompts,21
107714,human_prompts,21
131527,poetry,21
102544,human_prompts,21
77309,movie,21
93009,human_prompts,21
93167,human_prompts,21
129234,person,21
30916,movie,21
93507,human_prompts,21
66872,movie,21
103653,human_prompts,21
135104,poetry,21
113148,r/educationalgifs,21
52097,movie,21
60408,movie,21
92432,human_prompts,21
103484,human_prompts,21
92370,human_prompts,21
125380,person,21
92081,human_prompts,21
94247,human_prompts,21
114291,r/scifi,21
41956,movie,21
122841,r/scifi,21
86996,human_prompts,21
87033,human_prompts,21
72366,movie,21
131385,person,21
39639,movie,21
94530,human_prompts,21
59512,movie,21
84842,human_prompts,21
83919,person,21
82923,person,21
54719,movie,21
98364,human_prompts,21
98420,human_prompts,21
84657,human_prompts,21
33785,movie,21
37384,movie,21
68701,movie,21
126305,movie,21
97208,human_prompts,21
81246,movie,21
128021,person,21
46416,movie,21
38722,movie,21
99605,human_prompts,21
29688,movie,21
68598,movie,21
97822,human_prompts,21
84777,human_prompts,21
126570,person,21
84603,human_prompts,21
98893,human_prompts,21
57786,movie,21
82504,r/scifi,21
34983,movie,21
95687,human_prompts,21
38691,movie,21
126778,person,20
131511,poetry,20
91404,human_prompts,20
38321,movie,20
60120,movie,20
47654,movie,20
39683,movie,20
134297,poetry,20
37896,movie,20
84578,human_prompts,20
114713,r/Showerthoughts,20
28892,movie,20
38299,movie,20
106483,human_prompts,20
87236,human_prompts,20
124978,person,20
67674,movie,20
124165,r/EarthPorn,20
114367,r/scifi,20
112341,r/Showerthoughts,20
92281,human_prompts,20
96616,human_prompts,20
30879,movie,20
104076,human_prompts,20
125596,movie,20
41614,movie,20
61292,movie,20
41676,movie,20
96989,human_prompts,20
85978,human_prompts,20
97220,human_prompts,20
135124,poetry,20
97301,human_prompts,20
67283,movie,20
60701,movie,20
103421,human_prompts,20
51094,movie,20
113320,r/RetroFuturism,20
54015,person,20
91986,human_prompts,20
117831,r/Showerthoughts,20
66533,movie,20
128900,person,20
131766,poetry,20
103512,human_prompts,20
118933,r/RetroFuturism,20
93810,human_prompts,20
100119,human_prompts,20
93867,human_prompts,20
90529,human_prompts,20
103979,human_prompts,20
101698,human_prompts,20
108906,human_prompts,20
74408,movie,20
112931,r/EarthPorn,20
89922,human_prompts,20
89052,human_prompts,20
29506,movie,20
107433,human_prompts,20
84637,human_prompts,20
124571,r/RetroFuturism,20
47899,movie,20
115661,r/EarthPorn,20
89724,human_prompts,20
89047,human_prompts,20
107549,human_prompts,20
110860,r/pics,20
28762,movie,20
55611,movie,20
107651,human_prompts,20
83058,person,20
112799,r/EarthPorn,20
99254,human_prompts,20
115695,r/EarthPorn,20
115713,r/EarthPorn,20
28852,movie,20
29911,movie,20
39176,movie,20
29902,movie,20
75133,movie,20
68462,movie,20
123275,r/Showerthoughts,20
107234,human_prompts,20
28619,movie,20
122577,r/AccidentalArt,20
86559,human_prompts,19
39040,movie,19
36574,movie,19
97428,human_prompts,19
92134,human_prompts,19
78821,movie,19
81852,person,19
64444,movie,19
43981,movie,19
92229,human_prompts,19
127746,movie,19
108367,human_prompts,19
41613,movie,19
103994,human_prompts,19
117649,r/Showerthoughts,19
82781,r/EarthPorn,19
88771,human_prompts,19
104063,human_prompts,19
99149,human_prompts,19
30887,movie,19
115683,r/EarthPorn,19
42787,movie,19
118512,r/EarthPorn,19
88899,human_prompts,19
79425,movie,19
29096,movie,19
83906,person,19
124376,r/EarthPorn,19
104836,human_prompts,19
89146,human_prompts,19
106832,human_prompts,19
39404,movie,19
86126,human_prompts,19
121434,r/EarthPorn,19
90011,human_prompts,19
108888,human_prompts,19
87217,human_prompts,19
34271,movie,19
90152,human_prompts,19
91013,human_prompts,19
90184,human_prompts,19
76810,person,19
121210,r/EarthPorn,19
62954,movie,19
99899,human_prompts,19
77605,movie,19
114764,r/Showerthoughts,19
77398,movie,19
112307,r/Showerthoughts,19
90666,human_prompts,19
109022,human_prompts,19
89959,human_prompts,19
31200,movie,19
87092,human_prompts,19
105606,human_prompts,19
29860,movie,19
37803,movie,19
89342,human_prompts,19
83608,r/SimplePrompts,19
91857,human_prompts,19
99337,human_prompts,19
109378,human_prompts,19
99534,human_prompts,19
105144,human_prompts,19
100128,human_prompts,19
86801,human_prompts,19
62277,movie,19
31974,movie,19
109293,human_prompts,19
99602,human_prompts,19
83539,r/Cyberpunk,19
97923,human_prompts,19
43691,movie,19
101803,human_prompts,19
113030,r/EarthPorn,19
40262,movie,19
94325,human_prompts,19
103495,human_prompts,19
102762,human_prompts,19
85995,human_prompts,19
110953,r/MadeMeSmile,19
132097,poetry,19
95414,human_prompts,19
41104,movie,19
30794,movie,19
103773,human_prompts,19
113076,r/EarthPorn,19
80714,r/MadeMeSmile,19
118401,r/EarthPorn,19
29268,movie,19
102906,human_prompts,19
112943,r/EarthPorn,19
53372,movie,19
96548,human_prompts,19
102948,human_prompts,19
103050,human_prompts,19
85608,human_prompts,19
60157,movie,19
53182,movie,19
95758,human_prompts,19
29215,movie,19
125740,person,19
85362,human_prompts,19
101563,human_prompts,19
28761,movie,18
92142,human_prompts,18
127398,Buddha,18
98633,human_prompts,18
66578,movie,18
77914,movie,18
107517,human_prompts,18
106734,human_prompts,18
109939,human_prompts,18
54687,movie,18
91987,human_prompts,18
113331,r/RetroFuturism,18
127601,movie,18
95813,human_prompts,18
117944,r/Showerthoughts,18
108836,human_prompts,18
118096,r/Showerthoughts,18
85710,human_prompts,18
40333,movie,18
82286,movie,18
63674,movie,18
96176,human_prompts,18
106950,human_prompts,18
131270,movie,18
28838,movie,18
32486,movie,18
85795,human_prompts,18
32522,movie,18
116113,r/RetroFuturism,18
85826,human_prompts,18
69913,movie,18
129743,person,18
31348,movie,18
82056,person,18
63320,movie,18
37263,movie,18
125156,person,18
32642,movie,18
125268,person,18
59707,movie,18
91267,human_prompts,18
60406,movie,18
38944,movie,18
128203,person,18
115044,r/Showerthoughts,18
90141,human_prompts,18
80539,movie,18
87695,human_prompts,18
91813,human_prompts,18
85758,human_prompts,18
52015,movie,18
45578,movie,18
48726,movie,18
107721,human_prompts,18
47258,movie,18
37493,movie,18
95370,human_prompts,18
86235,human_prompts,18
88380,human_prompts,18
53332,movie,18
122729,r/scifi,18
54056,person,18
79794,r/EarthPorn,18
84752,human_prompts,18
120445,r/Showerthoughts,18
34308,movie,18
92663,human_prompts,18
86315,human_prompts,18
110831,r/pics,18
66070,movie,18
33580,movie,18
126402,person,18
124930,person,18
110707,r/pics,18
92931,human_prompts,18
121290,r/EarthPorn,18
100855,human_prompts,18
99905,human_prompts,18
29594,movie,18
112142,r/Showerthoughts,18
86205,human_prompts,18
67108,movie,18
31728,movie,18
79683,r/MadeMeSmile,18
88551,human_prompts,18
90990,human_prompts,18
35177,movie,18
124462,r/educationalgifs,18
95445,human_prompts,18
31832,movie,18
79841,r/SimplePrompts,18
85939,human_prompts,18
88057,human_prompts,18
60786,movie,18
101101,human_prompts,18
83289,movie,18
130578,person,18
102236,human_prompts,18
114511,r/SimplePrompts,18
92408,human_prompts,18
38871,movie,18
100555,human_prompts,18
30148,movie,18
116254,r/pics,18
74570,movie,18
125530,person,18
28893,movie,18
32842,movie,18
109569,human_prompts,18
104412,human_prompts,18
82934,person,18
86332,human_prompts,18
33094,movie,18
45671,movie,17
90642,human_prompts,17
45342,movie,17
49293,movie,17
133739,poetry,17
85495,human_prompts,17
80481,movie,17
94404,human_prompts,17
112781,r/EarthPorn,17
87388,human_prompts,17
80507,movie,17
85605,human_prompts,17
63255,movie,17
90756,human_prompts,17
84088,person,17
103047,human_prompts,17
33375,person,17
126109,person,17
29398,movie,17
102205,human_prompts,17
74583,movie,17
82989,person,17
123562,r/Showerthoughts,17
115779,r/EarthPorn,17
108120,human_prompts,17
112865,r/EarthPorn,17
89067,human_prompts,17
55606,movie,17
95060,human_prompts,17
88961,human_prompts,17
108729,human_prompts,17
74862,movie,17
29808,movie,17
58956,movie,17
112894,r/EarthPorn,17
31705,movie,17
88804,human_prompts,17
48211,movie,17
74471,movie,17
33501,movie,17
89519,human_prompts,17
90094,human_prompts,17
35072,movie,17
63560,movie,17
99678,human_prompts,17
29757,movie,17
124725,person,17
38247,movie,17
130356,person,17
74039,movie,17
119345,r/MadeMeSmile,17
45361,movie,17
76119,movie,17
76528,movie,17
95627,human_prompts,17
38215,movie,17
46713,movie,17
87846,human_prompts,17
76230,movie,17
95506,human_prompts,17
107636,human_prompts,17
112974,r/EarthPorn,17
80732,r/EarthPorn,17
95899,human_prompts,17
85617,human_prompts,17
129615,person,17
120132,r/scifi,17
37446,movie,17
106304,human_prompts,17
93631,human_prompts,17
96178,human_prompts,17
128963,person,17
86656,human_prompts,17
111390,r/scifi,17
93638,human_prompts,17
35920,movie,17
31070,movie,17
38701,movie,17
45230,movie,17
91758,human_prompts,17
114315,r/scifi,17
83591,r/EarthPorn,17
121500,r/EarthPorn,17
105322,human_prompts,17
78150,movie,17
83560,r/Damnthatsinteresting,17
125173,person,17
101252,human_prompts,17
37232,movie,17
96311,human_prompts,17
30012,movie,17
103833,human_prompts,17
92948,human_prompts,17
81571,r/EarthPorn,17
86165,human_prompts,17
79772,r/Damnthatsinteresting,17
72499,movie,17
104169,human_prompts,17
47185,movie,17
86248,human_prompts,17
38471,movie,17
40959,movie,17
44244,movie,17
127954,person,17
104410,human_prompts,17
133446,poetry,17
100600,human_prompts,17
32784,movie,17
99138,human_prompts,17
51911,movie,17
81848,person,17
123425,r/Showerthoughts,17
132279,poetry,17
119682,r/Damnthatsinteresting,17
86878,human_prompts,17
100337,human_prompts,17
59859,movie,17
29263,movie,17
103261,human_prompts,17
105970,human_prompts,17
91276,human_prompts,17
77957,movie,17
110146,human_prompts,17
50547,movie,17
91129,human_prompts,17
34274,movie,17
32397,movie,17
87008,human_prompts,17
105568,human_prompts,17
105808,human_prompts,17
54983,movie,17
31243,movie,17
62466,movie,17
54919,movie,17
32401,movie,17
96074,human_prompts,17
62845,movie,17
61297,movie,16
96950,human_prompts,16
51841,movie,16
98038,human_prompts,16
31817,movie,16
32177,movie,16
58001,movie,16
129328,person,16
108043,human_prompts,16
115610,r/EarthPorn,16
129342,movie,16
42954,movie,16
110894,r/MadeMeSmile,16
126324,person,16
113816,r/MadeMeSmile,16
90791,human_prompts,16
97070,human_prompts,16
100578,human_prompts,16
115541,r/EarthPorn,16
107965,human_prompts,16
96924,human_prompts,16
96854,human_prompts,16
111157,r/Damnthatsinteresting,16
96887,human_prompts,16
95264,human_prompts,16
37152,movie,16
108490,human_prompts,16
37585,movie,16
92983,human_prompts,16
88778,human_prompts,16
109741,human_prompts,16
61106,movie,16
90888,human_prompts,16
53572,movie,16
101890,human_prompts,16
53457,movie,16
32375,movie,16
104025,human_prompts,16
112706,r/oddlysatisfying,16
111358,r/AccidentalArt,16
88894,human_prompts,16
111798,r/SimplePrompts,16
113392,r/Cyberpunk,16
61026,movie,16
126871,person,16
35773,movie,16
96415,human_prompts,16
108435,human_prompts,16
124284,r/EarthPorn,16
56522,movie,16
99851,human_prompts,16
100543,human_prompts,16
128517,person,16
115499,r/oddlysatisfying,16
99755,human_prompts,16
97961,human_prompts,16
33819,movie,16
98654,human_prompts,16
59494,movie,16
45873,movie,16
63331,movie,16
93995,human_prompts,16
125316,movie,16
123167,r/Showerthoughts,16
39248,movie,16
98497,human_prompts,16
112484,r/Showerthoughts,16
98299,human_prompts,16
59535,movie,16
102919,human_prompts,16
45956,movie,16
96137,human_prompts,16
91688,human_prompts,16
47531,movie,16
35017,movie,16
35980,movie,16
90456,human_prompts,16
91418,human_prompts,16
103048,human_prompts,16
35548,movie,16
102629,human_prompts,16
61892,movie,16
94905,human_prompts,16
104848,human_prompts,16
100468,human_prompts,16
127216,person,16
97176,human_prompts,16
93233,human_prompts,16
92342,human_prompts,16
63442,movie,16
108810,human_prompts,16
55991,movie,16
112965,r/EarthPorn,16
34626,movie,16
33805,movie,16
112337,r/Showerthoughts,16
61709,movie,16
48732,movie,16
60090,movie,16
99565,human_prompts,16
59338,movie,16
51142,movie,16
96024,human_prompts,16
125111,Buddha,16
106715,human_prompts,16
110330,human_prompts,16
113289,r/RetroFuturism,16
43195,movie,16
105705,human_prompts,16
45469,movie,16
43830,movie,16
80886,r/EarthPorn,16
87096,human_prompts,16
86086,human_prompts,16
80104,person,16
88106,human_prompts,16
87142,human_prompts,16
117796,r/Showerthoughts,16
120539,r/Showerthoughts,16
71877,movie,16
117711,r/Showerthoughts,16
28827,movie,16
86186,human_prompts,16
79978,r/EarthPorn,16
76644,movie,16
86993,human_prompts,16
121551,r/EarthPorn,16
70701,movie,16
28764,movie,16
82044,person,16
40467,movie,16
81815,r/Showerthoughts,16
86820,human_prompts,16
118098,r/Showerthoughts,16
132137,poetry,16
31609,movie,16
121739,r/educationalgifs,16
30689,movie,16
40695,movie,16
83174,movie,16
67414,movie,16
118679,r/EarthPorn,16
85761,human_prompts,16
30004,movie,16
120320,r/Showerthoughts,16
78058,movie,16
77853,movie,16
121265,r/EarthPorn,16
41385,movie,16
30070,movie,16
82768,r/pics,16
39952,movie,16
116534,r/MadeMeSmile,16
85916,human_prompts,16
77487,movie,16
31280,movie,16
85442,human_prompts,16
74357,movie,16
87620,human_prompts,16
86434,human_prompts,16
115750,r/EarthPorn,16
75311,movie,16
74701,movie,16
84985,human_prompts,16
84623,human_prompts,16
88410,human_prompts,16
29574,movie,16
31038,movie,16
86395,human_prompts,16
84789,human_prompts,16
71192,movie,16
122014,r/pics,16
80990,movie,16
38390,movie,16
30942,movie,16
80846,r/Showerthoughts,16
119210,r/pics,16
31092,movie,16
86575,human_prompts,16
82738,r/scifi,15
90766,human_prompts,15
82765,r/oddlysatisfying,15
99014,human_prompts,15
65941,movie,15
80898,r/Showerthoughts,15
46439,movie,15
44501,movie,15
35000,movie,15
112157,r/Showerthoughts,15
100576,human_prompts,15
34539,movie,15
99239,human_prompts,15
82687,r/EarthPorn,15
90942,human_prompts,15
43693,movie,15
90935,human_prompts,15
82703,r/EarthPorn,15
51766,movie,15
90892,human_prompts,15
30756,movie,15
93228,human_prompts,15
87341,human_prompts,15
79730,r/pics,15
82727,r/EarthPorn,15
42360,movie,15
123580,r/Showerthoughts,15
34514,movie,15
109595,human_prompts,15
30974,movie,15
73079,movie,15
90482,human_prompts,15
72953,movie,15
33200,movie,15
86481,human_prompts,15
31367,movie,15
69930,movie,15
134676,poetry,15
63132,movie,15
105154,human_prompts,15
30997,movie,15
105175,human_prompts,15
90405,human_prompts,15
101424,human_prompts,15
105290,human_prompts,15
104893,human_prompts,15
120143,r/scifi,15
93694,human_prompts,15
87486,human_prompts,15
90515,human_prompts,15
60430,movie,15
35870,movie,15
93671,human_prompts,15
63229,movie,15
98648,human_prompts,15
113239,r/educationalgifs,15
86620,human_prompts,15
53952,movie,15
40668,movie,15
129095,person,15
104356,human_prompts,15
55944,movie,15
82685,r/pics,15
79939,r/educationalgifs,15
91866,human_prompts,15
126528,person,15
52616,movie,15
82097,person,15
111580,r/scifi,15
80657,r/EarthPorn,15
100008,human_prompts,15
86969,human_prompts,15
32493,movie,15
99981,human_prompts,15
35419,movie,15
80651,r/Showerthoughts,15
35430,movie,15
123670,r/Showerthoughts,15
38952,movie,15
35247,movie,15
86998,human_prompts,15
92714,human_prompts,15
91739,human_prompts,15
32845,movie,15
80782,r/EarthPorn,15
30926,movie,15
100532,human_prompts,15
129703,person,15
102457,human_prompts,15
30928,movie,15
91627,human_prompts,15
44237,movie,15
52728,movie,15
81899,person,15
81957,person,15
29362,movie,15
126007,person,15
100295,human_prompts,15
80739,r/EarthPorn,15
29300,movie,15
125866,person,15
79918,r/pics,15
41552,movie,15
91854,human_prompts,15
82650,r/EarthPorn,15
45572,movie,15
43701,movie,15
121275,r/EarthPorn,15
29416,movie,15
82669,r/Showerthoughts,15
52084,movie,15
52070,movie,15
82684,r/Damnthatsinteresting,15
32377,movie,15
109957,human_prompts,15
129671,person,15
90976,human_prompts,15
123048,r/SimplePrompts,15
92472,human_prompts,15
35556,movie,15
61033,movie,15
62660,movie,15
71560,movie,15
40228,movie,15
119541,r/Damnthatsinteresting,15
32629,movie,15
71912,movie,15
29272,movie,15
80838,r/EarthPorn,15
31076,movie,15
123614,r/Showerthoughts,15
40723,movie,15
86102,human_prompts,15
103352,human_prompts,15
124050,r/EarthPorn,15
119587,r/Damnthatsinteresting,15
52302,movie,15
114162,r/AccidentalArt,15
35993,movie,15
89164,human_prompts,15
84125,movie,15
84184,movie,15
76662,movie,15
49141,movie,15
107336,human_prompts,15
130617,person,15
96449,human_prompts,15
33533,movie,15
89313,human_prompts,15
84268,movie,15
76592,movie,15
108868,human_prompts,15
124258,r/EarthPorn,15
64429,movie,15
39496,movie,15
74118,movie,15
88198,human_prompts,15
96657,human_prompts,15
96266,human_prompts,15
106774,human_prompts,15
113020,r/EarthPorn,15
89633,human_prompts,15
106694,human_prompts,15
73628,movie,15
30561,movie,15
115373,r/Showerthoughts,15
112657,r/whoahdude,15
67957,movie,15
118140,r/Showerthoughts,15
96763,human_prompts,15
88127,human_prompts,15
120499,r/Showerthoughts,15
94766,human_prompts,15
88183,human_prompts,15
89363,human_prompts,15
85177,human_prompts,15
30266,movie,15
96225,human_prompts,15
124905,person,15
58978,movie,15
115669,r/EarthPorn,15
95229,human_prompts,15
84492,human_prompts,15
130861,person,15
75298,movie,15
88848,human_prompts,15
95792,human_prompts,15
58669,movie,15
108052,human_prompts,15
88615,human_prompts,15
38619,movie,15
124356,r/EarthPorn,15
108499,human_prompts,15
118306,r/whoahdude,15
121616,r/educationalgifs,15
108601,human_prompts,15
84973,human_prompts,15
120819,r/Showerthoughts,15
58161,movie,15
88363,human_prompts,15
107571,human_prompts,15
118154,r/Showerthoughts,15
28755,movie,15
89073,human_prompts,15
31793,movie,15
118383,r/EarthPorn,15
112922,r/EarthPorn,15
84478,human_prompts,15
88999,human_prompts,15
37525,movie,15
59100,movie,15
65086,movie,15
41209,movie,15
74561,movie,15
115624,r/EarthPorn,15
107951,human_prompts,15
94545,human_prompts,15
96687,human_prompts,15
97383,human_prompts,15
97585,human_prompts,15
30102,movie,15
105637,human_prompts,15
83641,r/Showerthoughts,15
124971,person,15
114942,r/Showerthoughts,15
97312,human_prompts,15
112351,r/Showerthoughts,15
56721,movie,15
87823,human_prompts,15
50675,movie,15
113027,r/EarthPorn,15
41411,movie,15
127428,person,15
106469,human_prompts,15
28941,movie,15
50168,movie,15
115897,r/EarthPorn,15
65699,movie,15
106244,human_prompts,15
34070,movie,15
109273,human_prompts,15
109152,human_prompts,15
85369,human_prompts,15
69547,movie,15
30113,movie,15
106312,human_prompts,15
97267,human_prompts,15
97268,human_prompts,15
45341,movie,15
31423,movie,15
86387,human_prompts,14
30308,movie,14
95156,human_prompts,14
96015,human_prompts,14
30707,movie,14
118609,r/EarthPorn,14
68726,movie,14
98480,human_prompts,14
100799,human_prompts,14
133645,poetry,14
82707,r/Showerthoughts,14
85701,human_prompts,14
54360,movie,14
54705,movie,14
96165,human_prompts,14
123790,r/Showerthoughts,14
98620,human_prompts,14
83570,r/Showerthoughts,14
98617,human_prompts,14
56797,movie,14
30018,movie,14
38845,movie,14
29627,movie,14
92616,human_prompts,14
110890,r/MadeMeSmile,14
34234,movie,14
118987,r/RetroFuturism,14
29963,movie,14
41444,movie,14
44603,movie,14
33611,movie,14
86488,human_prompts,14
121479,r/EarthPorn,14
56354,movie,14
40323,movie,14
85800,human_prompts,14
112815,r/EarthPorn,14
112821,r/EarthPorn,14
81364,movie,14
86506,human_prompts,14
46104,movie,14
101338,human_prompts,14
46344,movie,14
119175,r/pics,14
67425,movie,14
84716,human_prompts,14
86536,human_prompts,14
95452,human_prompts,14
83351,movie,14
95338,human_prompts,14
81447,movie,14
119111,r/pics,14
84493,human_prompts,14
112777,r/EarthPorn,14
84554,human_prompts,14
95840,human_prompts,14
93711,human_prompts,14
100859,human_prompts,14
30482,movie,14
100892,human_prompts,14
61492,movie,14
121385,r/EarthPorn,14
83428,movie,14
92416,human_prompts,14
44881,movie,14
126444,movie,14
112811,r/EarthPorn,14
69958,movie,14
83597,r/EarthPorn,14
123264,r/Showerthoughts,14
59368,movie,14
85953,human_prompts,14
96996,human_prompts,14
133410,poetry,14
33984,movie,14
94764,human_prompts,14
84040,person,14
112704,r/oddlysatisfying,14
94432,human_prompts,14
126974,person,14
33950,movie,14
34645,movie,14
55339,movie,14
82634,r/EarthPorn,14
33239,movie,14
30835,movie,14
84055,person,14
93036,human_prompts,14
85281,human_prompts,14
112024,r/Showerthoughts,14
99495,human_prompts,14
82710,r/EarthPorn,14
30780,movie,14
97228,human_prompts,14
34060,movie,14
33090,movie,14
94575,human_prompts,14
85312,human_prompts,14
99378,human_prompts,14
83723,r/scifi,14
94628,human_prompts,14
33073,movie,14
85303,human_prompts,14
55662,movie,14
97108,human_prompts,14
93119,human_prompts,14
85531,human_prompts,14
127608,person,14
123365,r/Showerthoughts,14
29866,movie,14
117635,r/Showerthoughts,14
45226,movie,14
45388,movie,14
126819,person,14
100014,human_prompts,14
67023,movie,14
97558,human_prompts,14
99322,human_prompts,14
69059,movie,14
86257,human_prompts,14
98707,human_prompts,14
83074,person,14
97616,human_prompts,14
82010,person,14
56921,movie,14
81992,person,14
85903,human_prompts,14
70030,movie,14
34483,movie,14
121411,r/EarthPorn,14
83609,r/Cyberpunk,14
82366,movie,14
41557,movie,14
86150,human_prompts,14
99833,human_prompts,14
30867,movie,14
113311,r/RetroFuturism,14
30608,movie,14
41570,movie,14
111857,r/Showerthoughts,14
33517,movie,14
34166,movie,14
38554,movie,14
82849,person,14
68992,movie,14
67382,movie,14
84725,human_prompts,14
123901,r/Showerthoughts,14
129931,person,14
89196,human_prompts,14
65269,movie,14
89243,human_prompts,14
64345,movie,14
78606,movie,14
38969,movie,14
109140,human_prompts,14
103285,human_prompts,14
42156,movie,14
80186,person,14
104790,human_prompts,14
87131,human_prompts,14
80137,person,14
90144,human_prompts,14
39562,movie,14
107142,human_prompts,14
89189,human_prompts,14
124044,r/EarthPorn,14
121318,r/EarthPorn,14
91394,human_prompts,14
107627,human_prompts,14
89099,human_prompts,14
119392,r/MadeMeSmile,14
107563,human_prompts,14
64076,movie,14
31149,movie,14
42094,movie,14
105132,human_prompts,14
31186,movie,14
115817,r/EarthPorn,14
90441,human_prompts,14
91288,human_prompts,14
32474,movie,14
78385,movie,14
32463,movie,14
101475,human_prompts,14
125412,person,14
38213,movie,14
109137,human_prompts,14
73602,movie,14
89559,human_prompts,14
51767,movie,14
47107,movie,14
119854,r/scifi,14
31964,movie,14
124214,r/EarthPorn,14
90687,human_prompts,14
119935,r/scifi,14
72763,movie,14
125648,Buddha,14
51689,movie,14
87980,human_prompts,14
51577,movie,14
77325,movie,14
63092,movie,14
125612,person,14
51452,movie,14
104348,human_prompts,14
43676,movie,14
77281,movie,14
78990,movie,14
87253,human_prompts,14
36335,movie,14
106930,human_prompts,14
106915,human_prompts,14
46979,movie,14
79934,r/EarthPorn,14
115287,r/Showerthoughts,14
51972,movie,14
64176,movie,14
130056,person,14
124132,r/EarthPorn,14
88029,human_prompts,14
79142,movie,14
79186,movie,14
125302,person,14
129796,person,14
88487,human_prompts,14
123962,r/oddlysatisfying,14
31723,movie,14
108344,human_prompts,14
50614,movie,14
131226,person,14
101948,human_prompts,14
53392,movie,14
32655,movie,14
121330,r/EarthPorn,14
131767,poetry,14
39333,movie,14
102180,human_prompts,14
77908,movie,14
120407,r/Showerthoughts,14
88496,human_prompts,14
39306,movie,14
102850,human_prompts,14
71561,movie,14
126092,person,14
75263,movie,14
88828,human_prompts,14
105515,human_prompts,14
36094,movie,14
108630,human_prompts,14
31018,movie,14
35071,movie,14
64743,movie,14
105686,human_prompts,14
73251,movie,14
119192,r/pics,14
46363,movie,14
120396,r/Showerthoughts,14
88647,human_prompts,14
121342,r/EarthPorn,14
31661,movie,14
90171,human_prompts,14
48019,movie,14
50528,movie,14
108457,human_prompts,14
110719,r/pics,14
31399,movie,14
106677,human_prompts,14
50046,movie,14
86828,human_prompts,14
131688,poetry,14
62390,movie,14
91500,human_prompts,14
48752,movie,14
42647,movie,14
36150,movie,14
120762,r/Showerthoughts,14
71667,movie,14
124281,r/EarthPorn,14
29374,movie,14
110378,human_prompts,14
105204,human_prompts,14
35995,movie,14
32062,movie,14
91639,human_prompts,14
91643,human_prompts,14
63486,movie,14
91667,human_prompts,14
90288,human_prompts,14
106033,human_prompts,14
50297,movie,14
105442,human_prompts,14
110457,human_prompts,14
50343,movie,14
134891,poetry,14
123432,r/Showerthoughts,13
83646,r/Showerthoughts,13
97357,human_prompts,13
45280,movie,13
57103,movie,13
83719,r/Showerthoughts,13
97229,human_prompts,13
106633,human_prompts,13
36152,movie,13
77656,movie,13
106546,human_prompts,13
77647,movie,13
106262,human_prompts,13
30062,movie,13
109157,human_prompts,13
47669,movie,13
49836,movie,13
73547,movie,13
112467,r/Showerthoughts,13
83673,r/EarthPorn,13
127671,person,13
36249,movie,13
73427,movie,13
127870,person,13
39618,movie,13
76288,movie,13
128072,person,13
108169,human_prompts,13
128071,person,13
84483,human_prompts,13
75571,movie,13
58295,movie,13
107749,human_prompts,13
39419,movie,13
108818,human_prompts,13
120749,r/Showerthoughts,13
128035,person,13
76099,movie,13
76170,movie,13
30285,movie,13
76182,movie,13
39348,movie,13
33815,movie,13
108207,human_prompts,13
75065,movie,13
48024,movie,13
48119,movie,13
75029,movie,13
84632,human_prompts,13
95666,human_prompts,13
75031,movie,13
120922,r/Showerthoughts,13
74740,movie,13
108738,human_prompts,13
38625,movie,13
95852,human_prompts,13
108328,human_prompts,13
118370,r/EarthPorn,13
108260,human_prompts,13
121556,r/EarthPorn,13
76432,movie,13
28891,movie,13
107459,human_prompts,13
57619,movie,13
83973,person,13
96904,human_prompts,13
34001,movie,13
49528,movie,13
123392,r/Showerthoughts,13
97005,human_prompts,13
73639,movie,13
49663,movie,13
77320,movie,13
118563,r/EarthPorn,13
83741,r/EarthPorn,13
97181,human_prompts,13
112653,r/whoahdude,13
97182,human_prompts,13
57679,movie,13
39127,movie,13
73719,movie,13
49050,movie,13
96315,human_prompts,13
76595,movie,13
118435,r/EarthPorn,13
68991,movie,13
49033,movie,13
127924,person,13
69006,movie,13
109006,human_prompts,13
45064,movie,13
49219,movie,13
107190,human_prompts,13
76822,movie,13
39568,movie,13
47835,movie,13
97774,human_prompts,13
105067,human_prompts,13
97793,human_prompts,13
102839,human_prompts,13
102924,human_prompts,13
29696,movie,13
54923,movie,13
70677,movie,13
119384,r/MadeMeSmile,13
82058,movie,13
70735,movie,13
110263,human_prompts,13
102934,human_prompts,13
82014,person,13
80766,r/Showerthoughts,13
70802,movie,13
81910,person,13
54673,movie,13
100393,human_prompts,13
126647,movie,13
111718,r/SimplePrompts,13
82162,movie,13
110007,human_prompts,13
99701,human_prompts,13
103335,human_prompts,13
110149,human_prompts,13
111995,r/Showerthoughts,13
80350,movie,13
82547,r/Showerthoughts,13
99684,human_prompts,13
40124,movie,13
37314,movie,13
102964,human_prompts,13
111907,r/Showerthoughts,13
71857,movie,13
103102,human_prompts,13
29718,movie,13
52478,movie,13
80557,movie,13
45684,movie,13
100409,human_prompts,13
102527,human_prompts,13
102388,human_prompts,13
35123,movie,13
81506,movie,13
54027,person,13
101850,human_prompts,13
80908,r/EarthPorn,13
40273,movie,13
101762,human_prompts,13
110973,r/MadeMeSmile,13
35121,movie,13
80802,r/Showerthoughts,13
80941,person,13
126326,person,13
110915,r/MadeMeSmile,13
123889,r/Showerthoughts,13
81213,movie,13
46356,movie,13
101490,human_prompts,13
68431,movie,13
111148,r/Damnthatsinteresting,13
81528,r/EarthPorn,13
29570,movie,13
110419,human_prompts,13
123982,r/oddlysatisfying,13
40376,movie,13
100628,human_prompts,13
126086,person,13
81642,r/EarthPorn,13
110513,human_prompts,13
126539,person,13
71557,movie,13
53269,movie,13
126522,person,13
110566,human_prompts,13
100801,human_prompts,13
29448,movie,13
37199,movie,13
110011,human_prompts,13
99563,human_prompts,13
30021,movie,13
98540,human_prompts,13
78222,movie,13
39756,movie,13
36866,movie,13
47521,movie,13
34385,movie,13
135501,poetry,13
78406,movie,13
69954,movie,13
37394,movie,13
109461,human_prompts,13
36900,movie,13
104689,human_prompts,13
79000,movie,13
104568,human_prompts,13
104468,human_prompts,13
79495,movie,13
56410,movie,13
50759,movie,13
127011,person,13
83491,r/EarthPorn,13
97809,human_prompts,13
77940,movie,13
97830,human_prompts,13
109290,human_prompts,13
36847,movie,13
127473,person,13
105495,human_prompts,13
105484,human_prompts,13
105292,human_prompts,13
39071,movie,13
50719,movie,13
34292,movie,13
98135,human_prompts,13
29945,movie,13
69796,movie,13
105351,human_prompts,13
29862,movie,13
133974,poetry,13
79506,movie,13
99394,human_prompts,13
103897,human_prompts,13
109868,human_prompts,13
99341,human_prompts,13
103783,human_prompts,13
72339,movie,13
51908,movie,13
72305,movie,13
72208,movie,13
34486,movie,13
52029,movie,13
103532,human_prompts,13
99499,human_prompts,13
70284,movie,13
125762,person,13
35595,movie,13
52151,movie,13
99310,human_prompts,13
109838,human_prompts,13
40480,movie,13
112058,r/Showerthoughts,13
55859,movie,13
79575,movie,13
98951,human_prompts,13
35775,movie,13
104190,human_prompts,13
104168,human_prompts,13
34529,movie,13
119948,r/scifi,13
34537,movie,13
119877,r/scifi,13
79717,r/AccidentalArt,13
99174,human_prompts,13
45516,movie,13
79727,r/Showerthoughts,13
79779,r/MadeMeSmile,13
88696,human_prompts,13
108632,human_prompts,13
129056,Buddha,13
44109,movie,13
31703,movie,13
85138,human_prompts,13
89093,human_prompts,13
41685,movie,13
87170,human_prompts,13
93674,human_prompts,13
31448,movie,13
94847,human_prompts,13
85862,human_prompts,13
117961,r/Showerthoughts,13
33512,movie,13
131777,poetry,13
130937,person,13
85484,human_prompts,13
122988,r/SimplePrompts,13
32965,movie,13
37751,movie,13
91815,human_prompts,13
37745,movie,13
91781,human_prompts,13
88789,human_prompts,13
32411,movie,13
92918,human_prompts,13
59574,movie,13
61535,movie,13
85763,human_prompts,13
85774,human_prompts,13
94420,human_prompts,13
85091,human_prompts,13
85107,human_prompts,13
85093,human_prompts,13
32319,movie,13
86317,human_prompts,13
115264,r/Showerthoughts,13
32034,movie,13
94912,human_prompts,13
87646,human_prompts,13
129989,person,13
41227,movie,13
91728,human_prompts,13
32234,movie,13
86267,human_prompts,13
115909,r/EarthPorn,13
94496,human_prompts,13
63605,movie,13
113004,r/EarthPorn,13
89106,human_prompts,13
62879,movie,13
123171,r/Showerthoughts,13
31252,movie,13
41341,movie,13
122780,r/scifi,13
65903,movie,13
31887,movie,13
129514,person,13
92691,human_prompts,13
32728,movie,13
61774,movie,13
60221,movie,13
37794,movie,13
32126,movie,13
30892,movie,13
30527,movie,13
87292,human_prompts,13
32676,movie,13
121768,r/RetroFuturism,13
86657,human_prompts,13
31758,movie,13
30913,movie,13
87750,human_prompts,13
66033,movie,13
86302,human_prompts,13
92749,human_prompts,13
87730,human_prompts,13
43584,movie,13
32703,person,13
59450,movie,13
61320,movie,13
92639,human_prompts,13
87900,human_prompts,13
43755,movie,13
43805,movie,13
86048,human_prompts,13
31626,movie,13
130592,person,13
94086,human_prompts,13
123073,r/SimplePrompts,13
33061,movie,13
31135,movie,13
65206,movie,13
41466,movie,13
91196,human_prompts,13
118226,r/Showerthoughts,13
112899,r/EarthPorn,13
93047,human_prompts,13
30802,movie,13
33138,movie,13
30927,movie,13
92478,human_prompts,13
62632,movie,13
123280,r/Showerthoughts,13
31292,movie,13
131566,poetry,13
61401,movie,13
85630,human_prompts,13
58882,movie,13
84742,human_prompts,13
62582,movie,13
122442,r/Damnthatsinteresting,13
30414,movie,13
31871,movie,13
62519,movie,13
64269,movie,13
31282,movie,13
33083,movie,13
112872,r/EarthPorn,13
91354,human_prompts,13
94157,human_prompts,13
89527,human_prompts,13
86289,human_prompts,13
31371,movie,13
115751,r/EarthPorn,13
64873,movie,13
93587,human_prompts,13
115614,r/EarthPorn,13
43661,movie,13
90882,human_prompts,13
116880,r/Damnthatsinteresting,13
117301,r/scifi,13
32185,movie,13
65428,movie,13
91120,human_prompts,13
89598,human_prompts,13
116410,r/pics,13
88470,human_prompts,13
93525,human_prompts,13
91122,human_prompts,13
89590,human_prompts,13
33028,movie,13
88489,human_prompts,13
122050,r/pics,13
130251,person,13
87460,human_prompts,13
38118,movie,13
31337,movie,13
30631,movie,13
121754,r/RetroFuturism,13
59770,movie,13
30626,movie,13
87590,human_prompts,13
114384,r/scifi,13
131668,poetry,13
114593,r/SimplePrompts,13
104121,human_prompts,12
134532,poetry,12
126620,movie,12
88397,human_prompts,12
100318,human_prompts,12
100328,human_prompts,12
81943,person,12
122976,r/SimplePrompts,12
90685,human_prompts,12
134475,poetry,12
92672,human_prompts,12
125613,person,12
72556,movie,12
46018,movie,12
61346,movie,12
90779,human_prompts,12
120632,r/Showerthoughts,12
111778,r/SimplePrompts,12
108790,human_prompts,12
67045,movie,12
55139,movie,12
111901,r/Showerthoughts,12
31339,movie,12
37735,movie,12
129191,person,12
88973,human_prompts,12
121433,r/EarthPorn,12
99657,human_prompts,12
92954,human_prompts,12
42420,movie,12
92996,human_prompts,12
39543,movie,12
33030,movie,12
121816,r/RetroFuturism,12
82654,r/EarthPorn,12
36895,movie,12
72932,movie,12
65850,movie,12
41487,movie,12
37732,movie,12
108193,human_prompts,12
47445,movie,12
93145,human_prompts,12
31352,movie,12
120164,r/SimplePrompts,12
103101,human_prompts,12
70257,movie,12
93205,human_prompts,12
49038,movie,12
33000,movie,12
47350,movie,12
108038,human_prompts,12
29709,movie,12
54724,movie,12
47285,movie,12
111437,r/scifi,12
123749,r/Showerthoughts,12
123745,r/Showerthoughts,12
79372,movie,12
39935,movie,12
111503,r/scifi,12
45917,movie,12
113600,r/pics,12
79211,movie,12
31313,movie,12
100111,human_prompts,12
113517,r/pics,12
100085,human_prompts,12
129275,person,12
82118,person,12
79203,movie,12
47978,movie,12
90610,human_prompts,12
29602,movie,12
48489,movie,12
116386,r/pics,12
104569,human_prompts,12
35843,movie,12
42413,movie,12
90580,human_prompts,12
115652,r/EarthPorn,12
104616,human_prompts,12
72491,movie,12
77072,movie,12
75780,movie,12
107423,human_prompts,12
91737,human_prompts,12
102319,human_prompts,12
120717,r/Showerthoughts,12
126073,Buddha,12
53110,movie,12
80170,Buddha,12
103372,human_prompts,12
86800,human_prompts,12
108850,human_prompts,12
91109,human_prompts,12
86812,human_prompts,12
71604,movie,12
31812,movie,12
43843,movie,12
66428,movie,12
71583,movie,12
80820,r/educationalgifs,12
41965,movie,12
52173,movie,12
66091,movie,12
108861,human_prompts,12
35570,movie,12
88334,human_prompts,12
103436,human_prompts,12
117081,r/scifi,12
37822,movie,12
71574,movie,12
122351,r/MadeMeSmile,12
117012,r/scifi,12
131758,poetry,12
38360,movie,12
80113,person,12
102238,human_prompts,12
102505,human_prompts,12
86834,human_prompts,12
102551,human_prompts,12
35488,movie,12
80669,r/EarthPorn,12
31140,movie,12
71895,movie,12
31143,movie,12
91426,human_prompts,12
129799,movie,12
102973,human_prompts,12
32519,movie,12
42105,movie,12
103156,human_prompts,12
40181,movie,12
124035,r/EarthPorn,12
103067,human_prompts,12
80488,movie,12
87104,human_prompts,12
107604,human_prompts,12
80770,r/RetroFuturism,12
125839,person,12
102576,human_prompts,12
125834,person,12
107624,human_prompts,12
80750,r/EarthPorn,12
116698,r/MadeMeSmile,12
91139,human_prompts,12
102663,human_prompts,12
46789,movie,12
103263,human_prompts,12
121321,r/EarthPorn,12
102707,human_prompts,12
103257,human_prompts,12
86880,human_prompts,12
102795,human_prompts,12
53415,movie,12
29447,movie,12
87250,human_prompts,12
105011,human_prompts,12
111121,r/Damnthatsinteresting,12
86442,human_prompts,12
124563,r/RetroFuturism,12
117243,r/scifi,12
66804,movie,12
40325,movie,12
61599,movie,12
101012,human_prompts,12
35696,movie,12
74392,movie,12
101258,human_prompts,12
37902,movie,12
81282,movie,12
66751,movie,12
103928,human_prompts,12
116621,r/MadeMeSmile,12
86528,human_prompts,12
81605,r/educationalgifs,12
129360,person,12
100765,human_prompts,12
92501,human_prompts,12
54285,movie,12
90808,human_prompts,12
100842,human_prompts,12
34948,movie,12
47131,movie,12
111240,r/Damnthatsinteresting,12
75818,movie,12
125653,person,12
92461,human_prompts,12
54210,movie,12
117290,r/scifi,12
121263,r/EarthPorn,12
38883,movie,12
103552,human_prompts,12
35634,movie,12
81016,person,12
92060,human_prompts,12
31783,movie,12
61910,movie,12
79940,r/scifi,12
66639,movie,12
86653,human_prompts,12
31782,movie,12
32685,movie,12
76448,movie,12
46964,movie,12
90992,human_prompts,12
42777,movie,12
52032,movie,12
29482,movie,12
53623,movie,12
35053,movie,12
89108,human_prompts,12
103763,human_prompts,12
103760,human_prompts,12
92182,human_prompts,12
35675,movie,12
131863,poetry,12
28788,movie,12
92090,human_prompts,12
125738,person,12
79899,r/oddlysatisfying,12
90960,human_prompts,12
103606,human_prompts,12
53684,movie,12
81100,movie,12
119621,r/Damnthatsinteresting,12
107790,human_prompts,12
35914,movie,12
60866,movie,12
85273,human_prompts,12
83928,person,12
89326,human_prompts,12
127756,person,12
118530,r/EarthPorn,12
83825,person,12
28954,movie,12
33426,movie,12
44754,movie,12
113016,r/EarthPorn,12
67935,movie,12
85319,human_prompts,12
107216,human_prompts,12
121719,r/educationalgifs,12
106157,human_prompts,12
85401,human_prompts,12
59495,movie,12
89864,human_prompts,12
117886,r/Showerthoughts,12
75166,movie,12
135696,poetry,12
96727,human_prompts,12
33482,movie,12
33481,movie,12
84037,person,12
106295,human_prompts,12
33978,movie,12
123225,r/Showerthoughts,12
64859,movie,12
94708,human_prompts,12
96871,human_prompts,12
83971,person,12
44774,movie,12
96892,human_prompts,12
45119,movie,12
112595,r/Showerthoughts,12
97381,human_prompts,12
113022,r/EarthPorn,12
75259,movie,12
88817,human_prompts,12
125096,movie,12
43313,movie,12
105866,human_prompts,12
131187,person,12
109167,human_prompts,12
124306,r/EarthPorn,12
42583,movie,12
105815,human_prompts,12
34225,movie,12
94105,human_prompts,12
38712,movie,12
125132,person,12
120359,r/Showerthoughts,12
67603,movie,12
120432,r/Showerthoughts,12
88681,human_prompts,12
85606,human_prompts,12
77802,movie,12
106139,human_prompts,12
106128,human_prompts,12
106110,human_prompts,12
48251,movie,12
40863,movie,12
106050,human_prompts,12
85518,human_prompts,12
36123,movie,12
28967,movie,12
30079,movie,12
94382,human_prompts,12
106005,human_prompts,12
94333,human_prompts,12
73292,movie,12
96720,human_prompts,12
84050,person,12
106360,human_prompts,12
106732,human_prompts,12
49524,movie,12
58510,movie,12
41167,movie,12
58492,movie,12
118364,r/EarthPorn,12
49558,movie,12
95934,human_prompts,12
49593,movie,12
45010,movie,12
95992,human_prompts,12
124322,r/EarthPorn,12
41206,movie,12
89581,human_prompts,12
84971,human_prompts,12
58300,movie,12
84798,human_prompts,12
65373,movie,12
133179,poetry,12
77130,movie,12
128281,person,12
30384,movie,12
41134,movie,12
133143,poetry,12
89427,human_prompts,12
84770,human_prompts,12
88108,human_prompts,12
89462,human_prompts,12
95350,human_prompts,12
28861,movie,12
112881,r/EarthPorn,12
58635,movie,12
84587,human_prompts,12
112798,r/EarthPorn,12
115856,r/EarthPorn,12
106717,human_prompts,12
77593,movie,12
85029,human_prompts,12
87875,human_prompts,12
68989,movie,12
94911,human_prompts,12
94893,human_prompts,12
96417,human_prompts,12
44830,movie,12
77465,movie,12
33916,movie,12
84170,movie,12
33923,movie,12
112731,r/EarthPorn,12
106451,human_prompts,12
40947,movie,12
39272,movie,12
84079,person,12
106503,human_prompts,12
107134,human_prompts,12
88641,human_prompts,12
87936,human_prompts,12
131071,person,12
58267,movie,12
121676,r/educationalgifs,12
31987,movie,12
88656,human_prompts,12
65424,movie,12
42684,movie,12
48174,movie,12
58183,movie,12
36362,movie,12
128001,person,12
58150,movie,12
33547,movie,12
68802,movie,12
33287,movie,12
45223,movie,12
39155,movie,12
67308,movie,12
31655,movie,12
105556,human_prompts,12
30736,movie,12
130323,person,12
105409,human_prompts,12
29923,movie,12
34320,movie,12
34458,movie,12
118750,r/educationalgifs,12
69820,movie,12
90403,human_prompts,12
93696,human_prompts,12
127413,person,12
41422,movie,12
90444,human_prompts,12
34526,movie,12
34305,movie,12
38792,movie,12
93909,human_prompts,12
93698,human_prompts,12
63413,movie,12
128985,person,12
115743,r/EarthPorn,12
82980,person,12
70075,movie,12
133807,poetry,12
98405,human_prompts,12
50816,movie,12
40657,movie,12
122305,r/MadeMeSmile,12
131205,movie,12
118798,r/educationalgifs,12
98930,human_prompts,12
42556,movie,12
60342,movie,12
88871,human_prompts,12
83202,movie,12
65768,movie,12
116237,r/pics,12
93771,human_prompts,12
29008,movie,12
99002,human_prompts,12
45376,movie,12
85775,human_prompts,12
93321,human_prompts,12
38744,movie,12
83419,movie,12
118923,r/RetroFuturism,12
41468,movie,12
31410,movie,12
123115,r/Showerthoughts,12
85973,human_prompts,12
128931,person,12
60858,movie,12
116023,r/educationalgifs,12
85885,human_prompts,12
87551,human_prompts,12
85714,human_prompts,12
108268,human_prompts,12
55640,movie,12
60784,movie,12
69919,movie,12
85932,human_prompts,12
33163,movie,12
77941,movie,12
99070,human_prompts,12
87580,human_prompts,12
73237,movie,12
44651,movie,12
40555,movie,12
36860,movie,12
128810,person,12
78237,movie,11
78946,movie,11
87800,human_prompts,11
32178,movie,11
65278,movie,11
76348,movie,11
36265,movie,11
90545,human_prompts,11
43716,movie,11
78802,movie,11
35561,movie,11
35549,movie,11
115325,r/Showerthoughts,11
78766,movie,11
77414,movie,11
37888,movie,11
122546,r/Damnthatsinteresting,11
122175,r/MadeMeSmile,11
31577,movie,11
125426,person,11
47870,movie,11
103431,human_prompts,11
32018,movie,11
29019,movie,11
73098,movie,11
73568,movie,11
104977,human_prompts,11
103251,human_prompts,11
106923,human_prompts,11
50914,movie,11
115463,r/whoahdude,11
87521,human_prompts,11
51026,movie,11
129904,person,11
124227,r/EarthPorn,11
35911,movie,11
36326,movie,11
129902,person,11
115821,r/EarthPorn,11
107018,human_prompts,11
87054,human_prompts,11
108982,human_prompts,11
88142,human_prompts,11
107120,human_prompts,11
116715,r/MadeMeSmile,11
89505,human_prompts,11
129923,person,11
77397,movie,11
78737,movie,11
89637,human_prompts,11
130612,person,11
104786,human_prompts,11
50829,movie,11
78760,movie,11
42694,movie,11
80185,person,11
37011,movie,11
90557,human_prompts,11
73089,movie,11
114752,r/Showerthoughts,11
135876,poetry,11
39598,movie,11
104815,human_prompts,11
35887,movie,11
89540,human_prompts,11
39910,movie,11
72917,movie,11
31380,movie,11
105702,human_prompts,11
91061,human_prompts,11
36052,movie,11
88197,human_prompts,11
124116,r/EarthPorn,11
106029,human_prompts,11
87331,human_prompts,11
79473,movie,11
90174,human_prompts,11
103941,human_prompts,11
90022,human_prompts,11
109385,human_prompts,11
103921,human_prompts,11
109288,human_prompts,11
114566,r/SimplePrompts,11
50246,movie,11
32074,movie,11
32119,movie,11
114562,r/SimplePrompts,11
42567,movie,11
51776,movie,11
87285,human_prompts,11
106152,human_prompts,11
73186,movie,11
79820,r/MadeMeSmile,11
31311,movie,11
104264,human_prompts,11
28814,movie,11
105816,human_prompts,11
43653,movie,11
130651,person,11
105715,human_prompts,11
42345,movie,11
105770,human_prompts,11
51640,movie,11
90689,human_prompts,11
125631,person,11
90114,human_prompts,11
72538,movie,11
104198,human_prompts,11
49004,movie,11
116026,r/educationalgifs,11
109227,human_prompts,11
31436,movie,11
116013,r/educationalgifs,11
29160,movie,11
42229,movie,11
87419,human_prompts,11
39674,movie,11
90161,human_prompts,11
131377,person,11
124068,r/EarthPorn,11
79452,movie,11
89972,human_prompts,11
62847,movie,11
130208,person,11
105390,human_prompts,11
42676,movie,11
89773,human_prompts,11
79064,movie,11
105384,human_prompts,11
87271,human_prompts,11
90124,human_prompts,11
50002,movie,11
90282,human_prompts,11
35604,movie,11
50120,movie,11
49957,movie,11
109149,human_prompts,11
31239,movie,11
79951,r/scifi,11
87224,human_prompts,11
79966,r/Showerthoughts,11
131492,poetry,11
63452,movie,11
36390,movie,11
78199,movie,11
65223,movie,11
65899,movie,11
105438,human_prompts,11
63532,person,11
116630,r/MadeMeSmile,11
74019,movie,11
106251,human_prompts,11
130583,person,11
51364,movie,11
42744,movie,11
73176,movie,11
104422,human_prompts,11
36182,movie,11
135299,poetry,11
104464,human_prompts,11
115919,r/EarthPorn,11
106283,human_prompts,11
62866,movie,11
114517,r/SimplePrompts,11
87668,human_prompts,11
125737,person,11
89816,human_prompts,11
115854,r/EarthPorn,11
90236,human_prompts,11
130003,person,11
109315,human_prompts,11
95435,human_prompts,11
66244,movie,11
85818,human_prompts,11
45336,movie,11
117876,r/Showerthoughts,11
34283,movie,11
98083,human_prompts,11
133721,poetry,11
29947,movie,11
93881,human_prompts,11
29944,movie,11
60258,movie,11
31717,movie,11
97959,human_prompts,11
75305,movie,11
83227,movie,11
29917,movie,11
127357,person,11
93754,human_prompts,11
83149,movie,11
69886,movie,11
98423,human_prompts,11
85836,human_prompts,11
69649,movie,11
83550,r/Showerthoughts,11
97501,human_prompts,11
97733,human_prompts,11
85602,human_prompts,11
56980,movie,11
117904,r/Showerthoughts,11
128708,person,11
44712,movie,11
69582,movie,11
94177,human_prompts,11
31708,movie,11
34205,movie,11
30033,movie,11
60110,movie,11
59975,movie,11
94113,human_prompts,11
124305,r/EarthPorn,11
112392,r/Showerthoughts,11
34224,movie,11
44711,movie,11
112391,r/Showerthoughts,11
85639,human_prompts,11
127500,person,11
29888,movie,11
98478,human_prompts,11
75378,movie,11
93332,human_prompts,11
82783,r/Showerthoughts,11
34507,movie,11
85914,human_prompts,11
55817,movie,11
60618,movie,11
34519,movie,11
117820,r/Showerthoughts,11
112144,r/Showerthoughts,11
65019,movie,11
55651,movie,11
30708,movie,11
34561,movie,11
82720,r/RetroFuturism,11
113370,r/Cyberpunk,11
99306,human_prompts,11
132174,poetry,11
117809,r/Showerthoughts,11
86004,human_prompts,11
64609,movie,11
42768,movie,11
98903,human_prompts,11
36576,movie,11
113266,r/educationalgifs,11
60544,movie,11
69946,movie,11
98565,human_prompts,11
108277,human_prompts,11
127280,Buddha,11
128923,person,11
93652,human_prompts,11
40684,movie,11
56039,movie,11
133890,poetry,11
117822,r/Showerthoughts,11
56014,movie,11
127233,person,11
88875,human_prompts,11
128968,person,11
98827,human_prompts,11
93622,human_prompts,11
34466,movie,11
133959,poetry,11
98863,human_prompts,11
97523,human_prompts,11
133562,poetry,11
55505,movie,11
95012,human_prompts,11
123274,r/Showerthoughts,11
133226,poetry,11
128437,person,11
30461,movie,11
95134,human_prompts,11
95114,human_prompts,11
68769,movie,11
84461,human_prompts,11
85058,human_prompts,11
94994,human_prompts,11
128388,person,11
41011,movie,11
133262,poetry,11
112754,r/EarthPorn,11
128005,person,11
30483,movie,11
85075,human_prompts,11
33866,movie,11
96261,human_prompts,11
94960,human_prompts,11
96061,human_prompts,11
123350,r/Showerthoughts,11
85571,human_prompts,11
41048,movie,11
123299,r/Showerthoughts,11
118253,r/Showerthoughts,11
95412,human_prompts,11
58726,movie,11
68567,movie,11
88766,human_prompts,11
33657,movie,11
84613,human_prompts,11
84791,human_prompts,11
44974,movie,11
118197,r/Showerthoughts,11
84576,human_prompts,11
30335,movie,11
95829,human_prompts,11
84871,human_prompts,11
95249,human_prompts,11
95885,human_prompts,11
68665,movie,11
84509,human_prompts,11
33798,movie,11
96308,human_prompts,11
136302,poetry,11
58063,movie,11
94463,human_prompts,11
37482,movie,11
57337,movie,11
88811,human_prompts,11
123190,r/Showerthoughts,11
85316,human_prompts,11
97225,human_prompts,11
97262,human_prompts,11
85377,human_prompts,11
30110,movie,11
85462,human_prompts,11
33896,movie,11
121504,r/EarthPorn,11
57151,movie,11
127663,person,11
83666,r/Showerthoughts,11
33360,person,11
94422,human_prompts,11
57115,movie,11
97483,human_prompts,11
85534,human_prompts,11
94649,human_prompts,11
128613,person,11
83930,person,11
39288,movie,11
33532,movie,11
84206,movie,11
68073,movie,11
57909,movie,11
85154,human_prompts,11
96652,human_prompts,11
75049,movie,11
84066,person,11
68061,movie,11
94831,human_prompts,11
57728,movie,11
112981,r/EarthPorn,11
41246,movie,11
40912,movie,11
112701,r/oddlysatisfying,11
57627,movie,11
28622,movie,11
30177,movie,11
40897,movie,11
99391,human_prompts,11
29781,movie,11
33059,movie,11
53505,movie,11
81020,person,11
101708,human_prompts,11
114172,r/AccidentalArt,11
92067,human_prompts,11
35124,movie,11
80935,r/educationalgifs,11
89054,human_prompts,11
84737,human_prompts,11
53517,movie,11
31063,movie,11
35096,movie,11
53480,movie,11
101913,human_prompts,11
101923,human_prompts,11
43902,movie,11
101932,human_prompts,11
35170,movie,11
53437,movie,11
130697,person,11
86679,human_prompts,11
81084,person,11
41848,movie,11
101991,human_prompts,11
41803,movie,11
129470,person,11
117237,r/scifi,11
65093,movie,11
81298,movie,11
114087,r/Damnthatsinteresting,11
92257,human_prompts,11
46342,movie,11
86511,human_prompts,11
101416,human_prompts,11
53809,movie,11
101579,human_prompts,11
101468,human_prompts,11
119191,r/pics,11
101499,human_prompts,11
31026,movie,11
81122,person,11
107738,human_prompts,11
66665,movie,11
101571,human_prompts,11
61802,movie,11
64496,movie,11
91899,human_prompts,11
101138,human_prompts,11
35396,movie,11
29355,movie,11
124021,r/EarthPorn,11
102658,human_prompts,11
62406,movie,11
91502,human_prompts,11
129753,person,11
107610,human_prompts,11
102788,human_prompts,11
80688,r/pics,11
52599,movie,11
42951,movie,11
37027,movie,11
65129,movie,11
91352,human_prompts,11
89101,human_prompts,11
110161,human_prompts,11
91347,human_prompts,11
80520,movie,11
62530,movie,11
125880,movie,11
71645,movie,11
42046,movie,11
46491,movie,11
35237,movie,11
110676,r/pics,11
53354,movie,11
120729,r/Showerthoughts,11
80841,r/scifi,11
129617,person,11
28748,movie,11
76191,movie,11
110529,human_prompts,11
134843,poetry,11
38357,movie,11
80779,r/Damnthatsinteresting,11
102276,human_prompts,11
41967,movie,11
62222,movie,11
102344,human_prompts,11
114331,r/scifi,11
37831,movie,11
29382,movie,11
46693,movie,11
108697,human_prompts,11
129146,person,11
101064,human_prompts,11
28723,movie,11
92695,human_prompts,11
82319,movie,11
108102,human_prompts,11
108094,human_prompts,11
99943,human_prompts,11
37747,movie,11
29701,movie,11
92793,human_prompts,11
34736,movie,11
108088,human_prompts,11
111646,r/scifi,11
92761,human_prompts,11
92720,human_prompts,11
37264,movie,11
113542,r/pics,11
100130,human_prompts,11
54853,movie,11
64292,movie,11
111442,r/scifi,11
86282,human_prompts,11
126855,movie,11
70551,movie,11
108755,human_prompts,11
82595,r/EarthPorn,11
93031,human_prompts,11
99561,human_prompts,11
36562,movie,11
93027,human_prompts,11
127008,person,11
99573,human_prompts,11
70349,movie,11
86110,human_prompts,11
117776,r/Showerthoughts,11
44436,movie,11
70394,movie,11
70481,movie,11
92927,human_prompts,11
113379,r/Cyberpunk,11
70508,movie,11
82417,movie,11
82365,movie,11
121425,r/EarthPorn,11
30906,movie,11
75609,movie,11
54644,movie,11
54221,movie,11
54643,movie,11
